id,first_name,last_name,email,gender,ip_address
1,Risa,Turfin,rturfin0@typepad.com,Bigender,137.217.16.178
2,Tine,Standeven,tstandeven1@soundcloud.com,Agender,107.112.220.68
3,Hershel,Davley,hdavley2@wix.com,Bigender,249.246.253.235
4,Moina,Hyde,mhyde3@clickbank.net,Male,251.32.166.234
5,Angelico,Glandfield,aglandfield4@nsw.gov.au,Agender,85.43.211.90
6,Rikki,Cocozza,rcocozza5@mtv.com,Non-binary,100.68.132.7
7,Rebeca,Barnham,rbarnham6@nbcnews.com,Genderfluid,129.224.21.65
8,Sidney,Dommerque,sdommerque7@linkedin.com,Polygender,14.157.247.100
9,Winthrop,Brazil,wbrazil8@europa.eu,Polygender,36.99.119.36
10,Erik,Batters,ebatters9@pcworld.com,Genderqueer,19.50.45.68
11,Tisha,Summerlie,tsummerliea@surveymonkey.com,Non-binary,156.150.85.244
12,Garfield,Leighton,gleightonb@trellian.com,Female,227.138.176.50
13,Tamas,Shalliker,tshallikerc@zdnet.com,Male,213.252.145.255
14,Petr,Morphew,pmorphewd@aboutads.info,Genderqueer,96.27.38.98
15,Allianora,Essery,aesserye@aol.com,Genderqueer,174.240.11.64
16,Auroora,McSherry,amcsherryf@nih.gov,Agender,4.85.211.183
17,Mozelle,Engledow,mengledowg@webs.com,Agender,157.240.179.116
18,Myrna,Stobart,mstobarth@tripadvisor.com,Genderfluid,152.56.215.190
19,Pat,Dall,pdalli@rediff.com,Genderqueer,179.191.35.228
20,Kellina,Hatz,khatzj@prnewswire.com,Genderqueer,32.157.203.61
21,Cherlyn,Choat,cchoatk@arstechnica.com,Polygender,147.18.50.210
22,Leonie,Braunlein,lbraunleinl@cloudflare.com,Male,221.134.46.198
23,Marsha,Woolmington,mwoolmingtonm@europa.eu,Polygender,204.122.7.198
24,Rubie,Romero,rromeron@yellowbook.com,Genderfluid,241.190.252.93
25,Halette,Dulson,hdulsono@ca.gov,Male,20.229.79.192
26,Wolf,Kitney,wkitneyp@xing.com,Polygender,71.193.184.170
27,Branden,Petry,bpetryq@opensource.org,Male,203.15.135.48
28,Sebastiano,Kyttor,skyttorr@chron.com,Genderqueer,47.76.56.163
29,Thayne,Hannum,thannums@4shared.com,Polygender,228.48.148.248
30,Korey,Rydeard,krydeardt@whitehouse.gov,Non-binary,211.86.9.130
31,Kirsten,Watson-Brown,kwatsonbrownu@blogs.com,Female,167.29.103.35
32,Verile,Doppler,vdopplerv@naver.com,Female,107.24.6.70
33,Enrique,Glamart,eglamartw@cocolog-nifty.com,Non-binary,120.67.71.74
34,Moreen,Lyal,mlyalx@free.fr,Genderfluid,227.246.192.76
35,Sharla,Tate,statey@php.net,Female,181.59.243.6
36,Pooh,Tiddy,ptiddyz@aol.com,Agender,160.2.143.51
37,Almeta,Boyes,aboyes10@ustream.tv,Polygender,188.93.39.118
38,Mercie,Trewin,mtrewin11@seattletimes.com,Polygender,61.219.144.127
39,Magda,Mapledorum,mmapledorum12@ameblo.jp,Male,157.88.209.87
40,Betta,Pidon,bpidon13@pcworld.com,Agender,254.131.242.245
41,Denyse,Rilston,drilston14@friendfeed.com,Male,255.178.172.238
42,Gayelord,McNirlan,gmcnirlan15@scribd.com,Agender,194.46.47.107
43,Raleigh,Spurgeon,rspurgeon16@shinystat.com,Genderfluid,179.76.62.223
44,Fara,Drust,fdrust17@unesco.org,Genderfluid,112.29.251.149
45,Cory,Somerville,csomerville18@theatlantic.com,Bigender,117.239.25.155
46,Henrieta,Treharne,htreharne19@cdbaby.com,Male,105.43.94.20
47,Leslie,Elks,lelks1a@cdc.gov,Male,69.220.13.203
48,Aaren,Andrzejowski,aandrzejowski1b@epa.gov,Genderfluid,223.109.150.85
49,Druci,Beekmann,dbeekmann1c@cnet.com,Male,199.86.44.130
50,Robbin,Buntain,rbuntain1d@ebay.co.uk,Agender,194.191.252.82
51,Ravid,Brendeke,rbrendeke1e@skype.com,Agender,173.203.46.55
52,Reg,Caldeiro,rcaldeiro1f@freewebs.com,Genderqueer,201.53.172.56
53,Yorgos,Frankcomb,yfrankcomb1g@mac.com,Bigender,28.10.210.122
54,Starlene,Lightewood,slightewood1h@archive.org,Bigender,16.152.226.113
55,Mathew,Ayrton,mayrton1i@seattletimes.com,Agender,66.186.33.83
56,Roderick,Pauler,rpauler1j@imdb.com,Non-binary,31.0.144.82
57,Robinson,Van Dijk,rvandijk1k@examiner.com,Male,113.165.210.11
58,Donella,Galler,dgaller1l@mozilla.org,Female,196.208.195.155
59,Minda,Stot,mstot1m@shareasale.com,Genderfluid,121.65.26.67
60,Artair,Coe,acoe1n@webs.com,Agender,41.252.168.141
61,Arlena,Clitheroe,aclitheroe1o@symantec.com,Genderfluid,52.115.34.219
62,Neall,Mathevon,nmathevon1p@nsw.gov.au,Genderqueer,71.140.7.21
63,Gillian,Gyles,ggyles1q@samsung.com,Female,249.5.69.160
64,Ardys,Ivanonko,aivanonko1r@desdev.cn,Bigender,28.56.23.12
65,Olia,Garz,ogarz1s@altervista.org,Bigender,85.146.187.43
66,Patrizio,Starrs,pstarrs1t@disqus.com,Female,86.209.20.26
67,Hewie,Arnot,harnot1u@quantcast.com,Male,190.155.130.148
68,Flin,Aleksahkin,faleksahkin1v@qq.com,Agender,36.110.34.161
69,Marvin,Choupin,mchoupin1w@wix.com,Agender,47.74.132.175
70,Kevyn,Nelsen,knelsen1x@etsy.com,Genderqueer,235.197.121.98
71,Thornton,Lomasney,tlomasney1y@linkedin.com,Female,134.145.176.90
72,Jean,Chsteney,jchsteney1z@delicious.com,Male,66.18.78.106
73,Donavon,Czajka,dczajka20@creativecommons.org,Genderfluid,166.175.249.70
74,Queenie,Suttle,qsuttle21@seattletimes.com,Agender,117.213.77.86
75,Lemar,Oakman,loakman22@wiley.com,Male,114.93.178.190
76,Darrin,Yeabsley,dyeabsley23@jiathis.com,Bigender,147.176.208.249
77,Inigo,McDuffy,imcduffy24@squidoo.com,Female,244.61.169.221
78,Buddie,Dorbon,bdorbon25@berkeley.edu,Agender,8.207.35.186
79,Alister,Serjeantson,aserjeantson26@arizona.edu,Polygender,94.201.180.203
80,Nigel,Chilvers,nchilvers27@reddit.com,Agender,128.121.67.130
81,Margaret,Everingham,meveringham28@economist.com,Genderqueer,215.8.47.25
82,Bartie,Harewood,bharewood29@liveinternet.ru,Genderfluid,133.164.124.140
83,De witt,Esmond,desmond2a@ocn.ne.jp,Non-binary,62.248.161.29
84,Winne,Rickersey,wrickersey2b@chron.com,Male,181.35.128.214
85,Miltie,Walch,mwalch2c@dagondesign.com,Non-binary,19.120.106.150
86,Jareb,Harman,jharman2d@yellowbook.com,Bigender,170.5.195.98
87,Jeanine,Castree,jcastree2e@barnesandnoble.com,Non-binary,60.243.84.111
88,Goraud,Busson,gbusson2f@apache.org,Polygender,153.217.113.109
89,Jude,Merill,jmerill2g@mayoclinic.com,Male,176.10.11.222
90,Tressa,Kliemchen,tkliemchen2h@mozilla.com,Genderfluid,38.29.57.164
91,Sada,Toffolini,stoffolini2i@yolasite.com,Bigender,142.245.210.13
92,Jerrie,Gussie,jgussie2j@bbb.org,Male,102.0.103.5
93,Janina,Gantzer,jgantzer2k@pbs.org,Polygender,7.92.190.47
94,Patience,Schimonek,pschimonek2l@canalblog.com,Non-binary,98.86.70.160
95,Patric,Tew,ptew2m@ted.com,Bigender,82.245.95.227
96,Sidonnie,Pemberton,spemberton2n@youku.com,Agender,243.66.135.213
97,Karlie,Konert,kkonert2o@goo.gl,Agender,121.165.147.72
98,Pip,Aylott,paylott2p@google.fr,Male,84.209.144.164
99,Ali,Scarlin,ascarlin2q@histats.com,Bigender,22.209.152.42
100,Ethelbert,Pfeifer,epfeifer2r@behance.net,Male,7.13.183.89
101,Bearnard,Beagan,bbeagan2s@cbc.ca,Female,99.50.111.133
102,Morena,Adacot,madacot2t@alexa.com,Agender,47.252.211.12
103,Ilario,Limpricht,ilimpricht2u@jalbum.net,Polygender,26.157.211.168
104,Matias,Domniney,mdomniney2v@cam.ac.uk,Female,3.40.57.38
105,Vinny,Axten,vaxten2w@purevolume.com,Male,238.163.240.91
106,Cairistiona,Gallaher,cgallaher2x@ycombinator.com,Non-binary,113.168.94.82
107,Tabatha,Childs,tchilds2y@yolasite.com,Non-binary,14.151.174.53
108,Louella,Pitts,lpitts2z@admin.ch,Bigender,94.147.72.56
109,Bowie,Tomaszkiewicz,btomaszkiewicz30@shinystat.com,Polygender,161.251.247.130
110,Abba,Dickerson,adickerson31@wix.com,Non-binary,227.50.202.138
111,Cleavland,Jacmar,cjacmar32@opera.com,Non-binary,24.58.240.74
112,Gregg,Mougenel,gmougenel33@goo.gl,Agender,43.100.211.10
113,Othella,Stroban,ostroban34@google.fr,Male,164.238.166.161
114,Alie,Zucker,azucker35@icq.com,Female,223.233.91.34
115,Shawn,Ranyard,sranyard36@hhs.gov,Non-binary,254.162.75.243
116,Jon,Fairtlough,jfairtlough37@yale.edu,Genderfluid,170.101.0.148
117,Elvera,Thomlinson,ethomlinson38@walmart.com,Agender,235.117.84.61
118,Ned,Djurdjevic,ndjurdjevic39@furl.net,Bigender,232.56.64.173
119,Angelica,Van Rembrandt,avanrembrandt3a@feedburner.com,Bigender,171.21.51.36
120,Fionnula,Emerine,femerine3b@wired.com,Polygender,6.230.64.70
121,Edyth,Whitnall,ewhitnall3c@about.com,Genderfluid,246.149.222.72
122,Hedvige,Blader,hblader3d@cpanel.net,Non-binary,20.70.20.205
123,Howey,Bayston,hbayston3e@facebook.com,Non-binary,72.128.229.137
124,Anita,Greenig,agreenig3f@vkontakte.ru,Non-binary,18.62.24.202
125,Konstanze,Chung,kchung3g@wikispaces.com,Bigender,72.32.139.195
126,Carmencita,Bowra,cbowra3h@examiner.com,Genderqueer,60.14.214.108
127,Del,Herche,dherche3i@gravatar.com,Genderqueer,126.171.24.222
128,Meridith,Docket,mdocket3j@51.la,Agender,102.213.142.117
129,Monroe,Milliken,mmilliken3k@yahoo.com,Polygender,192.54.66.51
130,Lura,Paskin,lpaskin3l@princeton.edu,Male,252.204.43.19
131,Richy,MacNamara,rmacnamara3m@diigo.com,Male,129.18.15.135
132,Meir,Guitton,mguitton3n@npr.org,Non-binary,126.153.28.126
133,Ricca,Matej,rmatej3o@prweb.com,Non-binary,197.145.72.179
134,Legra,Bettinson,lbettinson3p@odnoklassniki.ru,Genderqueer,241.97.3.246
135,Rurik,Breens,rbreens3q@nbcnews.com,Polygender,43.187.177.249
136,Waylon,Merryfield,wmerryfield3r@howstuffworks.com,Bigender,27.145.4.231
137,Darrel,Virr,dvirr3s@reddit.com,Male,157.27.195.117
138,Perry,Haller,phaller3t@wikispaces.com,Agender,169.150.35.204
139,Kelli,Daviot,kdaviot3u@blogger.com,Polygender,249.32.95.62
140,Zach,Philp,zphilp3v@webnode.com,Male,108.225.82.216
141,Engracia,Yeell,eyeell3w@loc.gov,Genderfluid,109.96.21.204
142,Damara,Gyrgorcewicx,dgyrgorcewicx3x@ask.com,Polygender,113.137.83.246
143,Aguste,Moynihan,amoynihan3y@creativecommons.org,Agender,191.110.248.1
144,Blakelee,Borrowman,bborrowman3z@forbes.com,Genderqueer,237.56.162.44
145,Gerri,Blandford,gblandford40@artisteer.com,Agender,225.58.155.66
146,Jandy,Brettel,jbrettel41@cbslocal.com,Female,153.237.117.228
147,Anallese,Toope,atoope42@nymag.com,Male,204.143.84.162
148,Wynny,Aikman,waikman43@auda.org.au,Agender,174.235.88.245
149,Rhodia,Claesens,rclaesens44@wordpress.org,Genderfluid,212.117.125.43
150,Quincy,Coster,qcoster45@independent.co.uk,Female,133.73.117.47
151,Priscella,Le Brom,plebrom46@a8.net,Polygender,171.118.131.131
152,Alejoa,Ogles,aogles47@g.co,Non-binary,210.119.165.154
153,Torr,Clapp,tclapp48@home.pl,Genderqueer,98.208.62.248
154,Zsa zsa,Curston,zcurston49@washingtonpost.com,Non-binary,163.183.206.3
155,Brnaba,Colleer,bcolleer4a@dmoz.org,Genderqueer,40.22.41.167
156,Christalle,Toombes,ctoombes4b@sphinn.com,Non-binary,160.126.160.95
157,Camala,Hakonsson,chakonsson4c@spiegel.de,Bigender,67.116.202.23
158,Cecilius,Gookey,cgookey4d@is.gd,Polygender,118.102.64.19
159,Aurlie,Terzza,aterzza4e@newsvine.com,Polygender,35.41.196.90
160,Lucina,Seegar,lseegar4f@mashable.com,Genderqueer,177.90.137.5
161,Georgine,Edgin,gedgin4g@hud.gov,Polygender,61.201.240.112
162,Janine,O'Bradden,jobradden4h@mozilla.com,Genderfluid,151.164.20.113
163,Massimo,Woolliams,mwoolliams4i@spiegel.de,Bigender,160.48.192.96
164,Pembroke,Zute,pzute4j@hp.com,Bigender,199.220.46.187
165,Andra,Clubley,aclubley4k@foxnews.com,Male,169.95.225.142
166,Bobine,Cordy,bcordy4l@fc2.com,Polygender,57.9.57.72
167,Tina,Towey,ttowey4m@miitbeian.gov.cn,Genderqueer,50.7.224.13
168,Tanya,Lamblot,tlamblot4n@washingtonpost.com,Genderqueer,215.206.213.143
169,Jolene,Boleyn,jboleyn4o@flickr.com,Bigender,209.79.208.19
170,Wyn,Trimbey,wtrimbey4p@dailymail.co.uk,Genderfluid,104.235.159.184
171,Gilberta,Hains,ghains4q@yellowpages.com,Female,203.17.207.252
172,Alyssa,Bollard,abollard4r@nyu.edu,Non-binary,74.38.227.208
173,Casey,Keeves,ckeeves4s@wiley.com,Genderqueer,157.19.69.113
174,Delphine,Mitchener,dmitchener4t@furl.net,Genderfluid,223.109.37.25
175,Hephzibah,Adamolli,hadamolli4u@unicef.org,Agender,3.230.209.170
176,Doug,Gleed,dgleed4v@ftc.gov,Female,47.21.26.227
177,Concettina,Tomasek,ctomasek4w@sogou.com,Genderqueer,217.81.158.15
178,Corella,Sleeford,csleeford4x@youku.com,Male,152.179.21.8
179,Mercedes,Juszkiewicz,mjuszkiewicz4y@ihg.com,Genderfluid,198.79.172.135
180,Klarika,O'Donnelly,kodonnelly4z@craigslist.org,Agender,163.27.194.123
181,Horton,Falloon,hfalloon50@craigslist.org,Female,143.46.43.12
182,Murielle,Besson,mbesson51@typepad.com,Genderfluid,217.173.186.62
183,Ambros,Trays,atrays52@merriam-webster.com,Bigender,228.65.57.39
184,Conny,Von Hindenburg,cvonhindenburg53@washingtonpost.com,Female,113.157.97.110
185,Norrie,Bohlens,nbohlens54@sbwire.com,Agender,223.221.132.115
186,Sigvard,Figger,sfigger55@soup.io,Male,93.137.44.126
187,Ardene,Fullegar,afullegar56@wordpress.org,Male,227.120.145.138
188,Linnie,Vickers,lvickers57@accuweather.com,Agender,142.113.127.114
189,Carter,Egan,cegan58@dyndns.org,Genderqueer,195.230.169.170
190,Sam,Lackeye,slackeye59@ibm.com,Agender,199.145.167.12
191,Ev,Boon,eboon5a@cnn.com,Non-binary,208.57.52.9
192,Lee,Slatten,lslatten5b@weather.com,Male,84.220.121.212
193,Kassandra,Geall,kgeall5c@cpanel.net,Non-binary,162.28.23.233
194,Adrianna,Dominico,adominico5d@soup.io,Genderfluid,138.163.181.97
195,Christal,Dockree,cdockree5e@cnet.com,Non-binary,203.231.126.147
196,Silvain,O'Kinedy,sokinedy5f@tamu.edu,Polygender,175.85.3.242
197,Tam,Tubby,ttubby5g@blinklist.com,Genderfluid,228.85.181.230
198,Leda,Mathiasen,lmathiasen5h@bloglovin.com,Bigender,224.218.57.186
199,Monro,Riepl,mriepl5i@engadget.com,Bigender,179.211.112.71
200,Mora,Coard,mcoard5j@prnewswire.com,Female,147.202.102.130
201,Ingunna,Esome,iesome5k@blogs.com,Female,160.38.29.153
202,Saunders,Forsdyke,sforsdyke5l@fotki.com,Polygender,104.219.77.68
203,Darcy,Skerm,dskerm5m@hibu.com,Polygender,189.246.93.23
204,Teriann,Wynrahame,twynrahame5n@ucoz.com,Female,4.28.151.3
205,Tawnya,Witts,twitts5o@jimdo.com,Female,90.87.42.43
206,Christel,Goldstraw,cgoldstraw5p@behance.net,Male,54.55.93.171
207,Ansell,Nazer,anazer5q@pcworld.com,Bigender,19.101.53.143
208,Evonne,Bramley,ebramley5r@si.edu,Male,231.251.16.101
209,Lizzie,Tompkiss,ltompkiss5s@independent.co.uk,Non-binary,106.142.193.252
210,Simon,Trenouth,strenouth5t@abc.net.au,Male,9.180.155.5
211,Bel,Edginton,bedginton5u@printfriendly.com,Genderfluid,237.123.144.68
212,Daisey,Schrir,dschrir5v@rakuten.co.jp,Genderqueer,203.95.155.26
213,Wilton,Marini,wmarini5w@irs.gov,Female,73.23.7.202
214,Bill,Bodemeaid,bbodemeaid5x@rediff.com,Non-binary,151.94.227.237
215,Jaimie,Ellesworthe,jellesworthe5y@nytimes.com,Male,93.230.150.148
216,Forrester,Grisenthwaite,fgrisenthwaite5z@irs.gov,Male,59.72.168.229
217,Vaughn,Miskimmon,vmiskimmon60@usatoday.com,Non-binary,136.127.13.229
218,Giuseppe,Daid,gdaid61@acquirethisname.com,Agender,242.147.153.19
219,Sonja,Dunklee,sdunklee62@netscape.com,Non-binary,222.156.198.162
220,Hansiain,Gammie,hgammie63@blogs.com,Agender,76.249.78.24
221,Clementia,Madeley,cmadeley64@newyorker.com,Genderfluid,251.104.219.123
222,Mona,Sewter,msewter65@thetimes.co.uk,Bigender,223.93.60.40
223,Roxanne,Scohier,rscohier66@upenn.edu,Genderqueer,45.179.171.18
224,Katrine,Mandel,kmandel67@nasa.gov,Agender,143.155.237.222
225,Justen,Breacher,jbreacher68@posterous.com,Non-binary,170.22.118.0
226,Lonna,Corhard,lcorhard69@vinaora.com,Bigender,244.162.39.0
227,Fremont,Turbill,fturbill6a@webs.com,Female,125.133.180.120
228,Franky,Bowie,fbowie6b@sina.com.cn,Agender,30.78.226.182
229,Kinny,Spurrior,kspurrior6c@ocn.ne.jp,Bigender,57.38.150.173
230,Patsy,Verbruggen,pverbruggen6d@fda.gov,Agender,35.221.111.158
231,Urson,Groom,ugroom6e@mozilla.org,Genderqueer,114.119.18.37
232,Bartel,Mitton,bmitton6f@issuu.com,Female,95.65.138.6
233,Charles,Diglin,cdiglin6g@surveymonkey.com,Polygender,33.18.254.23
234,Edward,Borne,eborne6h@unesco.org,Polygender,9.77.57.149
235,Hailey,Brosenius,hbrosenius6i@skype.com,Non-binary,219.197.192.158
236,Mil,Sobtka,msobtka6j@360.cn,Bigender,173.135.23.99
237,Lombard,Pennyman,lpennyman6k@goo.ne.jp,Genderfluid,247.137.115.150
238,Gram,Medland,gmedland6l@delicious.com,Female,188.89.82.254
239,Corie,Ryves,cryves6m@yolasite.com,Bigender,229.127.228.195
240,Odille,Barker,obarker6n@adobe.com,Male,123.39.230.96
241,Antonietta,Cridge,acridge6o@ovh.net,Male,178.22.99.123
242,Teodoro,Baistow,tbaistow6p@rakuten.co.jp,Bigender,49.140.175.23
243,Reggi,Courtin,rcourtin6q@exblog.jp,Agender,158.166.138.162
244,Norri,Pierro,npierro6r@infoseek.co.jp,Polygender,197.105.144.77
245,Ardys,Beardwell,abeardwell6s@about.com,Non-binary,100.130.235.36
246,Tirrell,Creasy,tcreasy6t@netvibes.com,Non-binary,161.62.44.141
247,Moyra,Royste,mroyste6u@1688.com,Genderqueer,90.157.78.157
248,Clare,Punter,cpunter6v@1688.com,Female,14.133.48.15
249,Marcelo,Sidey,msidey6w@spiegel.de,Female,198.121.155.141
250,Hedy,Keeffe,hkeeffe6x@nih.gov,Bigender,104.93.30.23
251,Cassy,Georgius,cgeorgius6y@amazon.de,Bigender,156.76.141.220
252,Lorraine,Turfes,lturfes6z@timesonline.co.uk,Genderfluid,250.93.1.161
253,Moll,Shorbrook,mshorbrook70@whitehouse.gov,Genderqueer,129.248.139.238
254,Lauretta,Belden,lbelden71@army.mil,Genderfluid,174.242.206.180
255,Elaine,Crannage,ecrannage72@scientificamerican.com,Bigender,168.105.7.168
256,Abramo,Peye,apeye73@unesco.org,Female,130.228.105.103
257,Christen,Yushachkov,cyushachkov74@friendfeed.com,Genderfluid,147.99.161.11
258,Grace,Best,gbest75@ucsd.edu,Female,173.11.130.114
259,Bettye,Popov,bpopov76@adobe.com,Genderqueer,70.210.71.52
260,Merilee,Conws,mconws77@jugem.jp,Male,229.94.94.90
261,Dicky,Szubert,dszubert78@marriott.com,Genderfluid,196.73.94.124
262,Nathanil,Seer,nseer79@feedburner.com,Polygender,29.148.84.255
263,Graeme,Handrik,ghandrik7a@buzzfeed.com,Male,237.76.106.18
264,Pavia,Curtayne,pcurtayne7b@ihg.com,Polygender,38.247.9.201
265,Janis,Pymer,jpymer7c@accuweather.com,Genderfluid,110.76.132.49
266,Cash,Gellan,cgellan7d@umich.edu,Male,24.135.251.178
267,Gherardo,Smidmore,gsmidmore7e@liveinternet.ru,Bigender,81.91.6.23
268,Reggy,Alleyn,ralleyn7f@slashdot.org,Genderqueer,157.130.66.163
269,Caitlin,Balogun,cbalogun7g@fastcompany.com,Bigender,15.201.14.40
270,Cammy,Symcox,csymcox7h@opensource.org,Non-binary,182.115.147.97
271,Ketty,Gillbanks,kgillbanks7i@apache.org,Female,170.168.191.137
272,Adel,Maulkin,amaulkin7j@wisc.edu,Female,99.13.41.108
273,Dottie,Trenaman,dtrenaman7k@odnoklassniki.ru,Female,179.94.83.194
274,Michelle,Jambrozek,mjambrozek7l@unesco.org,Agender,205.169.127.197
275,Annissa,Atwel,aatwel7m@wired.com,Male,162.86.199.150
276,Costa,Yakushkev,cyakushkev7n@techcrunch.com,Non-binary,141.52.134.124
277,Lesly,Salmen,lsalmen7o@sphinn.com,Genderfluid,5.212.217.79
278,Crystal,Issett,cissett7p@nymag.com,Bigender,167.135.245.201
279,Lukas,McDermid,lmcdermid7q@canalblog.com,Genderfluid,145.237.152.39
280,Rolf,Luety,rluety7r@cloudflare.com,Bigender,57.70.109.126
281,Miriam,Canlin,mcanlin7s@nyu.edu,Agender,52.157.27.234
282,Shirlene,Gerauld,sgerauld7t@example.com,Male,9.48.131.103
283,Clerc,Wiffield,cwiffield7u@google.pl,Polygender,179.232.111.183
284,Starlin,MacAlpin,smacalpin7v@tuttocitta.it,Polygender,54.133.225.80
285,Sheelah,Ebhardt,sebhardt7w@icq.com,Male,111.97.8.9
286,Mattias,Dorkin,mdorkin7x@exblog.jp,Non-binary,38.220.152.229
287,Cornell,Trebilcock,ctrebilcock7y@deliciousdays.com,Female,248.168.88.45
288,Rica,Duckitt,rduckitt7z@clickbank.net,Male,39.190.51.57
289,Darice,Dewi,ddewi80@hatena.ne.jp,Genderfluid,228.223.5.52
290,Leroi,Birkbeck,lbirkbeck81@howstuffworks.com,Polygender,208.191.94.193
291,Artair,Rosenfarb,arosenfarb82@sbwire.com,Female,71.133.77.206
292,Gianna,Bussell,gbussell83@github.com,Polygender,120.167.48.184
293,Bobbee,Mannock,bmannock84@usgs.gov,Polygender,30.240.35.13
294,Durward,Parmby,dparmby85@wsj.com,Male,140.95.230.181
295,Jojo,McKeney,jmckeney86@si.edu,Female,231.50.102.159
296,Kennett,McMurtyr,kmcmurtyr87@reuters.com,Genderqueer,159.47.38.81
297,Boyd,Shipley,bshipley88@xinhuanet.com,Agender,126.173.172.42
298,Pail,Bosdet,pbosdet89@patch.com,Non-binary,148.135.211.75
299,Berton,Kovnot,bkovnot8a@samsung.com,Male,13.105.179.40
300,Clarisse,Kattenhorn,ckattenhorn8b@miibeian.gov.cn,Genderqueer,61.132.190.205
301,Ellswerth,Cadagan,ecadagan8c@xing.com,Male,73.119.33.192
302,Reginald,Message,rmessage8d@typepad.com,Non-binary,145.135.102.19
303,Brennan,Delgado,bdelgado8e@ucsd.edu,Non-binary,6.188.49.211
304,Elvera,Heliar,eheliar8f@wired.com,Female,140.73.170.129
305,Burlie,McCome,bmccome8g@statcounter.com,Non-binary,131.83.217.54
306,Fremont,Keysall,fkeysall8h@alexa.com,Polygender,251.41.8.58
307,Lenard,Kitchaside,lkitchaside8i@cdc.gov,Bigender,17.5.108.238
308,Wilfred,Laugherane,wlaugherane8j@pinterest.com,Polygender,250.70.185.14
309,Noel,MacLice,nmaclice8k@washingtonpost.com,Polygender,97.86.17.210
310,Chevalier,Orwin,corwin8l@pinterest.com,Genderfluid,254.44.147.255
311,Glennie,Espinazo,gespinazo8m@squidoo.com,Genderfluid,244.252.238.124
312,Gris,Battrum,gbattrum8n@seesaa.net,Female,97.141.125.13
313,Dorene,Poluzzi,dpoluzzi8o@toplist.cz,Polygender,83.147.128.227
314,Wallie,Borell,wborell8p@livejournal.com,Genderqueer,192.158.190.188
315,Kial,Trill,ktrill8q@sfgate.com,Polygender,108.155.89.92
316,Dyane,Michele,dmichele8r@1688.com,Male,3.103.52.229
317,Riley,Pickle,rpickle8s@paginegialle.it,Non-binary,58.101.19.56
318,Harriott,Tackell,htackell8t@omniture.com,Genderfluid,245.134.151.60
319,Aila,Bielefeld,abielefeld8u@theatlantic.com,Genderqueer,60.11.227.15
320,Dina,Sotheby,dsotheby8v@redcross.org,Male,52.100.244.7
321,Maribeth,Caldwell,mcaldwell8w@cam.ac.uk,Polygender,29.227.206.122
322,William,Spall,wspall8x@imdb.com,Bigender,14.75.82.101
323,Martha,Core,mcore8y@bloglines.com,Bigender,146.120.159.33
324,Corney,Gable,cgable8z@tamu.edu,Bigender,177.70.92.101
325,Mona,Paulet,mpaulet90@nasa.gov,Genderfluid,198.199.140.57
326,Wilden,Tolliday,wtolliday91@prweb.com,Genderfluid,127.41.168.196
327,Welch,Pankethman,wpankethman92@cocolog-nifty.com,Non-binary,231.160.245.108
328,Melisa,Hallan,mhallan93@technorati.com,Male,214.76.35.176
329,Filberto,Ginie,fginie94@gnu.org,Polygender,10.14.188.69
330,Ariella,Doxsey,adoxsey95@nsw.gov.au,Polygender,58.127.193.80
331,Rina,Longmire,rlongmire96@arstechnica.com,Male,4.151.3.193
332,Cheston,Sails,csails97@google.ru,Agender,48.98.120.135
333,Christos,Kearley,ckearley98@artisteer.com,Bigender,198.227.219.90
334,Shaylynn,Guinn,sguinn99@wix.com,Polygender,92.169.195.234
335,Gun,Spurret,gspurret9a@buzzfeed.com,Bigender,71.11.26.111
336,Nesta,Wissbey,nwissbey9b@smh.com.au,Non-binary,199.72.114.127
337,Hollie,Spenceley,hspenceley9c@va.gov,Male,119.219.61.0
338,Jorrie,Regardsoe,jregardsoe9d@examiner.com,Non-binary,181.44.22.150
339,Tonia,Atwel,tatwel9e@wiley.com,Female,210.101.126.230
340,Engelbert,Stringman,estringman9f@360.cn,Female,248.131.49.43
341,Elmo,Hogsden,ehogsden9g@blinklist.com,Agender,45.231.250.104
342,Walton,Soal,wsoal9h@cargocollective.com,Non-binary,195.168.38.29
343,Ariel,Romagnosi,aromagnosi9i@usgs.gov,Polygender,128.124.6.249
344,Dorthea,Labrow,dlabrow9j@cdbaby.com,Genderfluid,79.28.94.152
345,Ruthanne,Reay,rreay9k@geocities.com,Bigender,126.156.17.157
346,Xever,Norledge,xnorledge9l@amazon.co.jp,Genderqueer,17.168.232.88
347,Dorie,Mattheus,dmattheus9m@statcounter.com,Female,67.190.121.251
348,Garrett,Cicchelli,gcicchelli9n@weather.com,Bigender,44.194.14.27
349,Nerta,Chastan,nchastan9o@google.cn,Genderfluid,117.15.107.91
350,Eziechiele,Beadnall,ebeadnall9p@trellian.com,Agender,226.155.120.8
351,Ame,Ivannikov,aivannikov9q@phpbb.com,Agender,157.107.130.136
352,Eben,Doding,edoding9r@hud.gov,Bigender,51.77.104.148
353,Chadd,Spare,cspare9s@networksolutions.com,Female,150.14.154.148
354,Dominica,Whitters,dwhitters9t@123-reg.co.uk,Genderqueer,154.21.132.3
355,Wash,Spall,wspall9u@zdnet.com,Genderfluid,152.138.61.59
356,Nikita,Darleston,ndarleston9v@devhub.com,Genderfluid,28.211.140.49
357,Gertie,Walenta,gwalenta9w@about.me,Genderfluid,148.212.187.32
358,Brian,Boow,bboow9x@thetimes.co.uk,Agender,113.125.87.89
359,Humberto,Caldecott,hcaldecott9y@bizjournals.com,Non-binary,222.230.87.57
360,Jeramie,Heathcote,jheathcote9z@bbb.org,Female,162.245.208.142
361,Boris,Schollar,bschollara0@qq.com,Bigender,150.218.79.40
362,Yankee,Doddemeede,ydoddemeedea1@ifeng.com,Bigender,205.176.254.239
363,Kaitlynn,Headon,kheadona2@bigcartel.com,Bigender,34.109.185.160
364,Dill,Wellbank,dwellbanka3@yandex.ru,Non-binary,255.27.215.95
365,Charmion,Jobbins,cjobbinsa4@fema.gov,Genderfluid,17.54.216.7
366,Rivy,Goundry,rgoundrya5@hud.gov,Polygender,86.50.124.112
367,Marcelo,Dacres,mdacresa6@salon.com,Genderfluid,140.201.59.127
368,Sinclare,Matzaitis,smatzaitisa7@amazon.de,Genderfluid,99.243.94.25
369,Consuela,Janodet,cjanodeta8@taobao.com,Bigender,45.25.142.17
370,Maiga,Carlaw,mcarlawa9@lycos.com,Genderqueer,83.121.174.151
371,Blinnie,Skerritt,bskerrittaa@sbwire.com,Female,214.91.188.87
372,Lindi,Corstan,lcorstanab@huffingtonpost.com,Female,135.149.124.134
373,Wallie,O'Farris,wofarrisac@livejournal.com,Female,22.222.119.157
374,Skylar,Maskell,smaskellad@miitbeian.gov.cn,Non-binary,71.12.20.39
375,Dalia,Ivanusyev,divanusyevae@weibo.com,Bigender,70.205.23.246
376,Rosco,Hartington,rhartingtonaf@zimbio.com,Female,64.37.52.38
377,Davide,Houdmont,dhoudmontag@shop-pro.jp,Agender,157.108.10.183
378,Milty,Bourley,mbourleyah@ed.gov,Male,110.227.205.184
379,Kennedy,Tyrer,ktyrerai@google.es,Female,241.4.181.205
380,Brady,Heal,bhealaj@harvard.edu,Female,29.249.47.116
381,Carol-jean,Doggart,cdoggartak@google.co.jp,Agender,231.126.211.166
382,Lennard,Durrad,ldurradal@indiegogo.com,Polygender,199.119.35.146
383,Ludwig,Odhams,lodhamsam@github.io,Bigender,49.168.76.175
384,Rennie,Ackers,rackersan@rambler.ru,Genderfluid,1.172.2.112
385,Gaye,Wolfenden,gwolfendenao@mediafire.com,Genderqueer,164.81.216.136
386,Donelle,Midson,dmidsonap@uol.com.br,Female,3.195.50.28
387,Lynnelle,Satterthwaite,lsatterthwaiteaq@joomla.org,Genderqueer,8.34.236.57
388,Nerti,Mewes,nmewesar@samsung.com,Non-binary,234.83.126.77
389,Gisele,Pimm,gpimmas@omniture.com,Female,224.219.189.38
390,Durant,Possa,dpossaat@usgs.gov,Genderfluid,174.186.245.25
391,Clerc,Guare,cguareau@typepad.com,Genderfluid,150.146.34.217
392,Mufi,Patnelli,mpatnelliav@sohu.com,Female,180.226.203.250
393,Krissie,De Metz,kdemetzaw@networksolutions.com,Genderqueer,190.75.3.159
394,Minerva,Thorneywork,mthorneyworkax@jugem.jp,Bigender,233.199.180.125
395,Richmond,Hadgkiss,rhadgkissay@japanpost.jp,Genderqueer,65.36.141.68
396,Alaric,Parkeson,aparkesonaz@miibeian.gov.cn,Female,25.244.171.193
397,Read,Brinicombe,rbrinicombeb0@google.co.uk,Polygender,163.222.230.34
398,Olenka,Soppeth,osoppethb1@macromedia.com,Polygender,40.125.213.107
399,Baryram,Baseggio,bbaseggiob2@blinklist.com,Non-binary,202.4.229.81
400,Robena,Caldayrou,rcaldayroub3@parallels.com,Genderqueer,100.28.140.30
401,Garrek,Alfonsetto,galfonsettob4@irs.gov,Genderfluid,160.74.143.29
402,Rosemary,Parmeter,rparmeterb5@geocities.com,Genderfluid,147.105.253.15
403,Waite,Ryder,wryderb6@parallels.com,Male,107.24.178.39
404,Dora,Grahlman,dgrahlmanb7@ameblo.jp,Agender,245.243.57.193
405,Sven,Campsall,scampsallb8@fotki.com,Agender,204.68.141.254
406,Samson,Lakes,slakesb9@soup.io,Agender,227.116.3.228
407,Carr,Crosswaite,ccrosswaiteba@sciencedirect.com,Polygender,203.182.83.163
408,Vassily,Caulton,vcaultonbb@delicious.com,Agender,108.215.225.150
409,Win,Braune,wbraunebc@wunderground.com,Bigender,254.115.212.108
410,Valeda,MacKibbon,vmackibbonbd@wikispaces.com,Male,170.85.50.149
411,Peadar,Artus,partusbe@java.com,Female,218.55.162.141
412,Osbert,Frany,ofranybf@squidoo.com,Genderfluid,235.193.146.66
413,Edan,Danskine,edanskinebg@cnet.com,Genderfluid,180.118.82.74
414,Alonso,covino,acovinobh@weather.com,Genderqueer,37.174.29.78
415,Celinda,Bodill,cbodillbi@squarespace.com,Genderfluid,67.234.175.75
416,Rafferty,Murley,rmurleybj@pagesperso-orange.fr,Male,240.156.161.66
417,Calvin,Bergeau,cbergeaubk@tamu.edu,Polygender,35.91.100.10
418,Leisha,Stoak,lstoakbl@cloudflare.com,Non-binary,117.171.39.5
419,Andrey,Dumbare,adumbarebm@simplemachines.org,Female,58.43.148.247
420,Tina,Bourhill,tbourhillbn@wp.com,Non-binary,104.198.244.61
421,Ludovico,Godwyn,lgodwynbo@amazon.co.uk,Genderfluid,78.145.21.35
422,Kordula,Paddison,kpaddisonbp@mac.com,Genderqueer,152.212.14.94
423,Corry,Thurlborn,cthurlbornbq@facebook.com,Male,32.138.49.102
424,Roana,Hogsden,rhogsdenbr@plala.or.jp,Non-binary,147.158.57.39
425,Yvor,Ginglell,yginglellbs@timesonline.co.uk,Female,151.217.48.183
426,Dorey,Lerego,dleregobt@ehow.com,Male,175.95.186.208
427,Desirae,Bocke,dbockebu@sohu.com,Male,194.194.51.176
428,Marisa,Lardeur,mlardeurbv@pagesperso-orange.fr,Male,68.85.66.188
429,Urban,Courtney,ucourtneybw@technorati.com,Non-binary,131.119.48.210
430,Stace,Woffinden,swoffindenbx@who.int,Male,57.213.72.211
431,Joli,McKeurtan,jmckeurtanby@so-net.ne.jp,Bigender,165.215.157.148
432,Alexander,Wheelwright,awheelwrightbz@timesonline.co.uk,Genderqueer,78.32.226.29
433,Clifford,Langtry,clangtryc0@cocolog-nifty.com,Non-binary,173.225.240.99
434,Britni,Wellen,bwellenc1@springer.com,Bigender,91.128.126.160
435,Nanon,Kuhle,nkuhlec2@facebook.com,Genderfluid,144.156.113.176
436,Cynthia,Cheetham,ccheethamc3@addtoany.com,Female,233.181.5.150
437,Ara,Dagon,adagonc4@ed.gov,Female,251.62.224.139
438,Ronica,Boik,rboikc5@blogs.com,Male,62.200.7.120
439,Edgar,Ferraresi,eferraresic6@digg.com,Bigender,202.115.68.239
440,Kellia,Durdy,kdurdyc7@census.gov,Genderqueer,229.99.132.7
441,Jarrod,Stainton - Skinn,jstaintonskinnc8@wikispaces.com,Genderqueer,103.243.36.83
442,Gawain,Kiss,gkissc9@merriam-webster.com,Genderfluid,128.18.120.244
443,Lew,Bramont,lbramontca@mlb.com,Male,176.79.189.123
444,Connie,Eykelbosch,ceykelboschcb@typepad.com,Male,74.209.190.78
445,Dimitry,Frotton,dfrottoncc@businesswire.com,Agender,119.95.87.224
446,Riki,Allaway,rallawaycd@goo.gl,Polygender,139.17.187.172
447,Olly,Lenahan,olenahance@privacy.gov.au,Non-binary,227.41.34.47
448,Elissa,Botten,ebottencf@globo.com,Non-binary,59.58.140.103
449,Devin,Howling,dhowlingcg@php.net,Polygender,127.28.176.70
450,Peggy,Hardiker,phardikerch@histats.com,Bigender,218.172.106.42
451,Dody,Haddinton,dhaddintonci@stumbleupon.com,Female,224.189.175.50
452,Petunia,Priddie,ppriddiecj@alibaba.com,Agender,44.15.202.175
453,Toddy,Dunnion,tdunnionck@usda.gov,Polygender,154.8.90.189
454,Aldric,Simper,asimpercl@wikimedia.org,Bigender,149.179.213.148
455,Grace,Gogerty,ggogertycm@arizona.edu,Male,165.191.232.87
456,Rosamond,McRory,rmcrorycn@liveinternet.ru,Genderfluid,46.113.220.230
457,Osmond,Vanichev,ovanichevco@nyu.edu,Agender,162.169.77.84
458,Marco,Insko,minskocp@opera.com,Female,131.72.62.39
459,Flory,Scrane,fscranecq@unblog.fr,Polygender,212.167.115.111
460,Alica,Cotterrill,acotterrillcr@prnewswire.com,Polygender,125.151.102.113
461,Sandy,Bignold,sbignoldcs@ftc.gov,Bigender,138.23.197.178
462,Carma,Karlowicz,ckarlowiczct@narod.ru,Polygender,221.104.118.103
463,Holmes,Booton,hbootoncu@fema.gov,Female,205.201.66.97
464,Heath,Haws,hhawscv@google.co.jp,Genderfluid,49.90.255.130
465,Lesya,Hurch,lhurchcw@springer.com,Non-binary,178.229.0.54
466,Michele,Hansbury,mhansburycx@tuttocitta.it,Male,226.227.208.163
467,Othilie,Guyer,oguyercy@nps.gov,Non-binary,217.57.217.172
468,Pearla,Adriaens,padriaenscz@tuttocitta.it,Female,114.71.212.76
469,Emory,Hancke,ehancked0@angelfire.com,Female,214.205.206.170
470,Prinz,Girogetti,pgirogettid1@simplemachines.org,Non-binary,149.147.219.197
471,Alix,Armall,aarmalld2@bloglines.com,Non-binary,182.15.111.84
472,Dacey,Toll,dtolld3@bloglovin.com,Genderfluid,75.133.191.191
473,Gwenni,Rollason,grollasond4@woothemes.com,Bigender,45.98.18.16
474,Erny,Seadon,eseadond5@ca.gov,Genderqueer,214.148.141.251
475,Constantino,Mathy,cmathyd6@qq.com,Bigender,123.125.52.74
476,Tally,Angus,tangusd7@blogger.com,Polygender,187.71.73.232
477,Candra,Kamena,ckamenad8@un.org,Male,143.85.6.153
478,Ronna,Snelling,rsnellingd9@4shared.com,Non-binary,127.70.119.242
479,Yurik,Fisbey,yfisbeyda@privacy.gov.au,Non-binary,197.84.30.33
480,Flin,Stronough,fstronoughdb@github.com,Agender,193.97.34.119
481,Agatha,Shobrook,ashobrookdc@vinaora.com,Genderqueer,173.62.165.196
482,Jen,Terron,jterrondd@disqus.com,Bigender,224.73.14.121
483,Lanny,Allanby,lallanbyde@independent.co.uk,Genderfluid,162.161.230.120
484,Giffy,Vasilyonok,gvasilyonokdf@nationalgeographic.com,Male,33.47.148.158
485,Roderick,Gilders,rgildersdg@senate.gov,Bigender,41.32.214.213
486,Myriam,Barta,mbartadh@reference.com,Genderfluid,173.255.4.25
487,Celine,Skinn,cskinndi@washington.edu,Bigender,181.134.216.193
488,Barclay,Rouby,broubydj@cocolog-nifty.com,Non-binary,190.237.187.70
489,Gabie,Westell,gwestelldk@parallels.com,Agender,42.1.220.200
490,Bertrand,Babbe,bbabbedl@harvard.edu,Genderqueer,8.99.66.51
491,Adore,Bunstone,abunstonedm@ameblo.jp,Male,179.152.178.208
492,Alecia,Dace,adacedn@rakuten.co.jp,Non-binary,129.168.79.235
493,Aylmer,Jeavons,ajeavonsdo@fotki.com,Bigender,166.69.6.186
494,Bronnie,McKernon,bmckernondp@nbcnews.com,Genderfluid,11.147.71.97
495,Nolly,Timmermann,ntimmermanndq@usnews.com,Polygender,46.119.246.241
496,Sherlock,Nardi,snardidr@fotki.com,Genderfluid,97.73.90.116
497,Pierce,Brydson,pbrydsonds@liveinternet.ru,Non-binary,215.157.204.152
498,Thacher,Hutton,thuttondt@dion.ne.jp,Genderqueer,255.54.47.11
499,Cameron,Grimmer,cgrimmerdu@oracle.com,Female,108.225.19.177
500,Aldric,Glenton,aglentondv@ocn.ne.jp,Male,245.8.229.30
501,Julita,Force,jforcedw@123-reg.co.uk,Bigender,42.151.39.56
502,Jasun,Linder,jlinderdx@goodreads.com,Polygender,115.61.232.87
503,Amara,Ramel,arameldy@va.gov,Female,24.206.96.29
504,Averil,Maceur,amaceurdz@networksolutions.com,Genderfluid,210.50.113.0
505,Idalina,Izard,iizarde0@marriott.com,Non-binary,70.159.1.241
506,Madel,Labon,mlabone1@flavors.me,Agender,105.138.190.162
507,Kathy,Winterflood,kwinterfloode2@netscape.com,Genderfluid,160.244.47.106
508,Valeda,Rean,vreane3@ft.com,Polygender,98.218.222.72
509,Collin,Bleas,cblease4@census.gov,Genderfluid,140.71.159.247
510,Quinta,Saltmarshe,qsaltmarshee5@craigslist.org,Bigender,222.99.47.127
511,Ware,McKitterick,wmckittericke6@gravatar.com,Female,24.63.222.233
512,Alana,Mushawe,amushawee7@flickr.com,Female,21.205.131.204
513,Wilona,Munn,wmunne8@techcrunch.com,Genderqueer,123.225.124.146
514,Fabe,Muckeen,fmuckeene9@flickr.com,Bigender,41.40.106.146
515,Melodie,Thorley,mthorleyea@hubpages.com,Genderfluid,189.147.245.130
516,Laverne,McGlew,lmcgleweb@goo.ne.jp,Non-binary,12.66.251.236
517,Katherina,McGannon,kmcgannonec@intel.com,Male,73.65.37.197
518,Lishe,Clemmett,lclemmetted@aboutads.info,Female,122.212.10.140
519,Carling,MacKee,cmackeeee@uiuc.edu,Non-binary,35.53.250.101
520,Darwin,Penvarne,dpenvarneef@tripod.com,Genderqueer,76.215.209.215
521,Janis,Thowless,jthowlesseg@tinyurl.com,Female,48.132.115.219
522,Clarita,Paddon,cpaddoneh@thetimes.co.uk,Agender,78.15.198.62
523,Bronnie,Gorghetto,bgorghettoei@google.it,Agender,19.223.14.23
524,Nelia,Trowel,ntrowelej@360.cn,Agender,208.233.142.116
525,Jolene,Duke,jdukeek@ning.com,Agender,67.82.150.226
526,Salli,Spall,sspallel@discovery.com,Genderqueer,52.108.238.0
527,Rodd,Groveham,rgrovehamem@delicious.com,Genderqueer,177.224.132.178
528,Roselia,Easey,reaseyen@theatlantic.com,Male,173.147.75.143
529,Giacomo,Winny,gwinnyeo@wp.com,Genderfluid,29.19.137.39
530,Andie,Kelby,akelbyep@japanpost.jp,Female,185.26.53.237
531,Efren,Twell,etwelleq@icq.com,Polygender,57.167.203.78
532,Sallyanne,Golledge,sgolledgeer@ftc.gov,Male,208.137.85.91
533,Ora,Cowan,ocowanes@geocities.jp,Genderqueer,107.229.89.35
534,Davie,Wudeland,dwudelandet@bloomberg.com,Non-binary,36.97.28.61
535,Mathian,Mertsching,mmertschingeu@google.ca,Male,83.140.238.7
536,Tommy,Carrell,tcarrellev@intel.com,Non-binary,223.18.165.55
537,Ellis,Coetzee,ecoetzeeew@independent.co.uk,Polygender,210.249.68.53
538,Camel,Stonestreet,cstonestreetex@ftc.gov,Genderfluid,25.8.125.226
539,Aline,Laviste,alavisteey@umn.edu,Polygender,158.223.6.191
540,Cherey,Goucher,cgoucherez@lulu.com,Polygender,53.80.246.196
541,Kristo,Nineham,kninehamf0@macromedia.com,Agender,26.95.210.25
542,Bertie,Elletson,belletsonf1@acquirethisname.com,Polygender,33.196.231.242
543,Phaidra,Cancutt,pcancuttf2@abc.net.au,Genderqueer,104.203.51.88
544,Roselle,Berry,rberryf3@senate.gov,Genderqueer,19.105.126.6
545,Gottfried,Tween,gtweenf4@cafepress.com,Bigender,207.191.199.86
546,Welsh,Lapenna,wlapennaf5@live.com,Bigender,145.51.43.78
547,Deonne,Wardroper,dwardroperf6@mac.com,Bigender,229.42.90.207
548,Olive,Sweeten,osweetenf7@phoca.cz,Agender,167.221.27.232
549,Molly,Sikorski,msikorskif8@seattletimes.com,Female,99.240.203.247
550,Murial,Burdis,mburdisf9@cisco.com,Genderfluid,167.9.68.206
551,Gian,Rosenfarb,grosenfarbfa@163.com,Bigender,117.192.248.47
552,Osmond,Addy,oaddyfb@si.edu,Non-binary,15.15.40.161
553,Jeanne,Tharme,jtharmefc@exblog.jp,Agender,237.72.187.217
554,Bryce,Sallenger,bsallengerfd@squarespace.com,Male,70.121.175.222
555,Isobel,Rosencrantz,irosencrantzfe@rediff.com,Agender,236.86.202.154
556,Cherida,Cogar,ccogarff@dion.ne.jp,Female,214.40.90.52
557,Henriette,Smaleman,hsmalemanfg@oracle.com,Male,66.107.163.64
558,Farris,Roadnight,froadnightfh@eventbrite.com,Non-binary,153.148.247.88
559,Meagan,Bayston,mbaystonfi@hhs.gov,Genderqueer,75.171.30.147
560,Kim,Lamba,klambafj@google.co.jp,Female,238.38.35.196
561,Tirrell,Scrane,tscranefk@t-online.de,Polygender,204.253.240.49
562,Dru,Duggen,dduggenfl@noaa.gov,Non-binary,195.92.50.59
563,Jillene,Zannuto,jzannutofm@hugedomains.com,Genderqueer,164.227.58.103
564,Hollie,Cuthbertson,hcuthbertsonfn@digg.com,Polygender,206.206.86.119
565,Elset,Borthram,eborthramfo@nyu.edu,Polygender,43.160.198.186
566,Brandy,Crow,bcrowfp@nymag.com,Male,150.105.163.156
567,Janet,Stringfellow,jstringfellowfq@reverbnation.com,Male,163.53.105.76
568,Whitney,Prince,wprincefr@sciencedirect.com,Male,83.68.76.62
569,Karie,Iseton,kisetonfs@sitemeter.com,Male,79.57.43.127
570,Sondra,Klimochkin,sklimochkinft@tamu.edu,Male,194.230.239.138
571,Jackie,Loverock,jloverockfu@mayoclinic.com,Genderqueer,147.67.99.214
572,Sophey,Muckloe,smuckloefv@vistaprint.com,Bigender,219.124.6.49
573,Glory,Niblo,gniblofw@wordpress.org,Bigender,65.175.157.132
574,Thebault,Broke,tbrokefx@alibaba.com,Agender,18.10.65.84
575,Ranee,Comport,rcomportfy@163.com,Polygender,61.74.132.186
576,Millicent,Staig,mstaigfz@posterous.com,Agender,0.106.106.86
577,Munmro,Maden,mmadeng0@hubpages.com,Genderfluid,94.13.199.165
578,Lurette,Dunstone,ldunstoneg1@bloglovin.com,Bigender,77.122.127.175
579,Niccolo,Boucher,nboucherg2@oaic.gov.au,Genderfluid,107.102.13.3
580,Frans,Ventris,fventrisg3@mayoclinic.com,Female,107.77.221.110
581,Michel,Cocklin,mcockling4@nhs.uk,Genderqueer,160.109.138.225
582,Norman,Pacher,npacherg5@about.me,Genderqueer,211.225.62.161
583,Olly,Davsley,odavsleyg6@freewebs.com,Agender,57.240.152.127
584,Bond,MacGilmartin,bmacgilmarting7@over-blog.com,Non-binary,67.103.79.232
585,Artus,Stainsby,astainsbyg8@mashable.com,Female,67.179.34.135
586,Zorana,Antoniutti,zantoniuttig9@google.com.au,Agender,191.11.64.129
587,Gannon,Langlands,glanglandsga@shareasale.com,Bigender,200.135.132.2
588,Augustus,Tuft,atuftgb@php.net,Genderqueer,229.234.9.158
589,Berne,Bigmore,bbigmoregc@answers.com,Male,20.237.76.10
590,Adriane,Brake,abrakegd@dailymotion.com,Male,103.55.125.177
591,Conny,Fripp,cfrippge@nifty.com,Female,106.155.231.61
592,Darcie,Kepling,dkeplinggf@aboutads.info,Female,90.169.125.156
593,Pen,Rolston,prolstongg@tumblr.com,Male,183.30.80.109
594,Doralynne,Mattielli,dmattielligh@barnesandnoble.com,Female,12.183.213.186
595,Brigham,Biner,bbinergi@sourceforge.net,Agender,20.224.0.68
596,Kurtis,Thay,kthaygj@google.com.au,Male,180.58.19.116
597,Cynthie,Buzek,cbuzekgk@php.net,Genderfluid,57.63.129.127
598,Charleen,Egre,cegregl@wsj.com,Female,180.21.66.127
599,Nydia,Borrell,nborrellgm@washington.edu,Genderqueer,70.238.205.141
600,Bond,Imorts,bimortsgn@reuters.com,Female,17.229.106.161
601,Mikey,Jirsa,mjirsago@hibu.com,Genderqueer,105.78.176.62
602,Beilul,Erridge,berridgegp@blogtalkradio.com,Male,21.190.193.53
603,Lyndsie,Rosser,lrossergq@list-manage.com,Genderfluid,35.147.150.40
604,Stephannie,Crosswaite,scrosswaitegr@umn.edu,Genderqueer,232.222.35.210
605,Findley,Duddell,fduddellgs@walmart.com,Female,50.154.35.84
606,Dian,Yakubovics,dyakubovicsgt@usnews.com,Genderfluid,57.231.246.15
607,Albert,Heindl,aheindlgu@wordpress.com,Male,8.169.1.102
608,Kaila,Eccleston,kecclestongv@microsoft.com,Non-binary,85.118.166.251
609,Dyan,Carnoghan,dcarnoghangw@theatlantic.com,Agender,179.93.108.160
610,Jerry,Edon,jedongx@adobe.com,Polygender,209.35.105.118
611,Melesa,Rowlstone,mrowlstonegy@squarespace.com,Non-binary,211.215.195.79
612,Brinna,Newhouse,bnewhousegz@boston.com,Bigender,91.220.2.1
613,Kerry,Karsh,kkarshh0@163.com,Genderqueer,129.198.232.160
614,Cass,Demke,cdemkeh1@amazon.co.uk,Female,104.29.183.245
615,Arlinda,Proschek,aproschekh2@msn.com,Polygender,188.243.80.229
616,Josie,Dominiak,jdominiakh3@wikimedia.org,Male,36.190.244.226
617,Leland,Neilan,lneilanh4@twitter.com,Agender,192.58.64.178
618,Carolan,Bromage,cbromageh5@nbcnews.com,Male,1.94.45.74
619,Ed,Bibey,ebibeyh6@goodreads.com,Bigender,161.76.29.69
620,Erroll,Gwyn,egwynh7@linkedin.com,Male,162.227.157.91
621,Tonie,Trevarthen,ttrevarthenh8@wordpress.org,Polygender,183.25.23.80
622,Forrest,Massie,fmassieh9@acquirethisname.com,Genderfluid,237.18.235.170
623,Ericka,Krimmer,ekrimmerha@hud.gov,Polygender,123.55.204.86
624,Franzen,Gifkins,fgifkinshb@springer.com,Polygender,187.154.77.44
625,Filippa,Croal,fcroalhc@miibeian.gov.cn,Bigender,228.101.254.241
626,Brigid,Middas,bmiddashd@usatoday.com,Genderfluid,194.222.50.6
627,Jo-anne,Pepperrall,jpepperrallhe@sphinn.com,Genderfluid,253.166.12.52
628,Cassius,Loveman,clovemanhf@dailymotion.com,Female,239.220.144.136
629,Bebe,Fehners,bfehnershg@zdnet.com,Genderqueer,87.4.54.34
630,Wallis,Crottagh,wcrottaghhh@themeforest.net,Female,4.147.214.3
631,Moll,Woodrow,mwoodrowhi@e-recht24.de,Female,250.17.63.241
632,Zola,Gouldsmith,zgouldsmithhj@addtoany.com,Polygender,111.45.50.251
633,Brandea,Glassup,bglassuphk@hostgator.com,Female,214.100.236.171
634,Lyle,Bloodworth,lbloodworthhl@statcounter.com,Genderfluid,12.140.141.162
635,Abel,Spraggs,aspraggshm@businessweek.com,Genderfluid,2.102.187.128
636,Benton,Kislingbury,bkislingburyhn@vk.com,Non-binary,47.232.23.190
637,Vasili,Gentric,vgentricho@mashable.com,Male,27.33.53.194
638,Cecilius,McCaster,cmccasterhp@amazon.co.jp,Genderfluid,8.132.218.234
639,Page,MacMechan,pmacmechanhq@deliciousdays.com,Bigender,218.200.193.253
640,Clerc,Sprosson,csprossonhr@nba.com,Female,133.121.130.217
641,Steffi,Pinilla,spinillahs@unesco.org,Non-binary,98.132.93.175
642,Lynnette,Ayres,layresht@phpbb.com,Bigender,165.3.65.64
643,Eben,Irons,eironshu@topsy.com,Polygender,82.168.191.8
644,Alphard,Ingall,aingallhv@cbc.ca,Bigender,83.103.39.5
645,Kandy,Buttrick,kbuttrickhw@4shared.com,Genderfluid,143.247.133.115
646,Timmy,Mayling,tmaylinghx@nytimes.com,Genderqueer,195.37.28.10
647,Gibbie,Peddersen,gpeddersenhy@washingtonpost.com,Male,50.220.217.108
648,Freeland,De Carolis,fdecarolishz@soundcloud.com,Non-binary,107.151.161.142
649,Kasey,Kobke,kkobkei0@home.pl,Bigender,75.193.82.4
650,Aggy,Ebdon,aebdoni1@friendfeed.com,Agender,66.133.186.109
651,Gilligan,Sikora,gsikorai2@wsj.com,Bigender,128.214.182.84
652,Warde,Petrovic,wpetrovici3@columbia.edu,Polygender,0.104.0.94
653,Serena,Klas,sklasi4@amazonaws.com,Non-binary,38.58.175.79
654,Abagael,Savoury,asavouryi5@google.cn,Female,229.14.146.22
655,Ervin,Whyte,ewhytei6@flavors.me,Agender,147.127.239.192
656,Michale,Hurlin,mhurlini7@dedecms.com,Genderqueer,20.141.239.118
657,Hamil,Whale,hwhalei8@mozilla.com,Genderfluid,239.11.149.72
658,Clary,Haining,chainingi9@businessweek.com,Female,73.211.111.40
659,Joshia,Harbron,jharbronia@jigsy.com,Agender,169.126.63.59
660,Gypsy,Attwater,gattwaterib@usda.gov,Bigender,225.215.46.150
661,Rafaello,Staddart,rstaddartic@state.gov,Male,124.219.141.204
662,Minnnie,Jeanequin,mjeanequinid@de.vu,Genderfluid,72.77.238.22
663,Vinnie,Fearnsides,vfearnsidesie@nature.com,Bigender,200.242.149.29
664,Kirstyn,Brunke,kbrunkeif@acquirethisname.com,Bigender,130.162.189.61
665,Menard,Simcox,msimcoxig@alibaba.com,Female,151.254.188.255
666,Milty,Radke,mradkeih@pcworld.com,Non-binary,101.245.109.128
667,Christoph,Bradock,cbradockii@artisteer.com,Agender,96.124.67.63
668,Dorene,Schoolfield,dschoolfieldij@tripod.com,Female,239.175.123.79
669,Janna,Barwick,jbarwickik@fc2.com,Genderfluid,178.172.145.14
670,Roseann,Harbord,rharbordil@shareasale.com,Genderfluid,79.47.250.107
671,Cherie,Dionisetti,cdionisettiim@surveymonkey.com,Female,190.97.225.233
672,Wesley,Leyband,wleybandin@engadget.com,Non-binary,228.253.188.171
673,Murvyn,Borrell,mborrellio@dyndns.org,Bigender,210.174.144.70
674,Scott,Sabater,ssabaterip@amazon.de,Female,170.136.116.6
675,Prentice,Doughty,pdoughtyiq@example.com,Polygender,150.227.155.242
676,Loren,Armfirld,larmfirldir@indiatimes.com,Agender,179.122.218.55
677,Ashla,Kopmann,akopmannis@dmoz.org,Genderfluid,146.52.48.180
678,Gertrude,Millmore,gmillmoreit@edublogs.org,Genderqueer,44.77.192.79
679,Con,Barrs,cbarrsiu@ebay.co.uk,Genderqueer,237.228.9.172
680,Hal,Kleinstern,hkleinsterniv@ox.ac.uk,Genderfluid,221.149.124.22
681,Tamarra,Hartas,thartasiw@printfriendly.com,Male,110.74.226.183
682,Abigael,Loxston,aloxstonix@behance.net,Polygender,156.160.80.135
683,Hendrick,Langthorn,hlangthorniy@slate.com,Genderfluid,53.149.214.110
684,Kayne,Attride,kattrideiz@usatoday.com,Genderfluid,52.80.253.71
685,Raimund,Scotts,rscottsj0@soup.io,Non-binary,35.119.70.90
686,Kristel,Kruszelnicki,kkruszelnickij1@smugmug.com,Non-binary,124.168.68.200
687,Marietta,Grovier,mgrovierj2@bloglovin.com,Male,168.243.149.111
688,Blythe,Spurdon,bspurdonj3@boston.com,Polygender,33.140.223.144
689,Giacinta,Beane,gbeanej4@answers.com,Male,168.48.206.19
690,Gabi,Divis,gdivisj5@ted.com,Male,170.244.227.33
691,Gisella,Lacroix,glacroixj6@timesonline.co.uk,Agender,195.102.52.129
692,Christine,Luggar,cluggarj7@desdev.cn,Female,247.254.218.114
693,Vaclav,Croisdall,vcroisdallj8@cdbaby.com,Male,208.208.252.177
694,Gaelan,Lusty,glustyj9@51.la,Female,179.85.27.22
695,Caresa,Clacson,cclacsonja@cam.ac.uk,Polygender,92.223.67.0
696,Ryley,Abrahart,rabrahartjb@simplemachines.org,Agender,169.6.71.209
697,Jane,Heckle,jhecklejc@reverbnation.com,Agender,127.41.26.180
698,Brigg,Troucher,btroucherjd@cafepress.com,Non-binary,230.235.228.129
699,Syd,Barnewell,sbarnewellje@spiegel.de,Female,42.236.230.37
700,Averyl,Johanning,ajohanningjf@reddit.com,Genderqueer,61.209.195.54
701,Woodman,Walker,wwalkerjg@geocities.jp,Non-binary,212.77.17.182
702,Kermy,Sawl,ksawljh@g.co,Female,41.101.65.67
703,Jarad,Cheake,jcheakeji@4shared.com,Agender,56.157.105.216
704,Deloria,Thwaite,dthwaitejj@abc.net.au,Female,24.234.236.168
705,Peterus,Steffan,psteffanjk@newyorker.com,Polygender,156.115.88.6
706,Vachel,Tomaskov,vtomaskovjl@istockphoto.com,Genderfluid,177.21.61.86
707,Alecia,Goney,agoneyjm@shinystat.com,Genderqueer,81.43.28.81
708,Margret,Maypole,mmaypolejn@google.cn,Genderfluid,73.117.108.112
709,Leandra,Winship,lwinshipjo@google.ru,Polygender,187.39.131.60
710,Floria,Bacon,fbaconjp@1688.com,Polygender,148.185.31.92
711,Jo-anne,Christescu,jchristescujq@kickstarter.com,Non-binary,167.148.120.10
712,Michail,Georger,mgeorgerjr@dyndns.org,Female,240.126.43.77
713,Joyan,MacCathay,jmaccathayjs@yale.edu,Polygender,10.186.126.221
714,Gwenneth,Biesterfeld,gbiesterfeldjt@pbs.org,Genderfluid,173.182.79.255
715,Vinnie,Spellicy,vspellicyju@issuu.com,Bigender,221.157.121.94
716,Gill,Leathart,gleathartjv@github.io,Agender,219.219.105.242
717,Eadmund,Stoate,estoatejw@lulu.com,Genderfluid,220.229.144.151
718,Hakeem,Gittus,hgittusjx@imdb.com,Genderfluid,251.30.199.237
719,Amelie,Bolland,abollandjy@columbia.edu,Non-binary,242.140.15.171
720,Randolph,Bourner,rbournerjz@github.io,Male,209.78.246.174
721,Nickolas,Danford,ndanfordk0@vistaprint.com,Bigender,21.130.16.194
722,Jamal,Cheatle,jcheatlek1@sakura.ne.jp,Non-binary,245.2.5.23
723,Templeton,Mapother,tmapotherk2@jiathis.com,Genderfluid,85.25.148.5
724,Christalle,Cathrae,ccathraek3@g.co,Bigender,129.165.31.89
725,Jyoti,Fairbrace,jfairbracek4@domainmarket.com,Genderfluid,87.222.142.93
726,Vincent,Stobbe,vstobbek5@statcounter.com,Agender,79.17.199.115
727,Honey,Rosettini,hrosettinik6@bloglines.com,Female,231.17.250.199
728,Hesther,Farragher,hfarragherk7@google.com.hk,Bigender,82.75.208.93
729,Kerry,Donald,kdonaldk8@jimdo.com,Polygender,95.43.220.108
730,Daryle,Coneybeare,dconeybearek9@opera.com,Non-binary,64.71.72.188
731,Zena,Stivey,zstiveyka@rambler.ru,Genderfluid,200.41.70.156
732,Binny,Moverley,bmoverleykb@parallels.com,Polygender,63.228.161.204
733,Janis,Purbrick,jpurbrickkc@prlog.org,Agender,206.123.197.99
734,Prentice,Tullett,ptullettkd@salon.com,Bigender,77.218.70.224
735,Mercy,Oakinfold,moakinfoldke@scientificamerican.com,Genderqueer,147.43.149.16
736,Letta,Clemendot,lclemendotkf@vk.com,Non-binary,152.43.83.181
737,Frank,Natwick,fnatwickkg@comcast.net,Bigender,177.224.139.225
738,Legra,Burgher,lburgherkh@nymag.com,Male,218.243.75.140
739,Dyanne,Bennell,dbennellki@unicef.org,Bigender,62.28.218.234
740,Janelle,Raw,jrawkj@qq.com,Polygender,53.136.4.85
741,Thaine,Gullifant,tgullifantkk@php.net,Bigender,224.49.59.14
742,Silvain,Pickavance,spickavancekl@sciencedaily.com,Polygender,188.159.31.110
743,Caril,Cordon,ccordonkm@163.com,Genderqueer,222.166.189.244
744,Gerrard,Lesurf,glesurfkn@biblegateway.com,Agender,161.20.124.203
745,Gui,Thurske,gthurskeko@fda.gov,Genderfluid,11.189.107.62
746,Dennison,Habben,dhabbenkp@sitemeter.com,Female,190.244.45.41
747,Dewey,Hemerijk,dhemerijkkq@over-blog.com,Genderfluid,58.175.9.241
748,Cortney,Collier,ccollierkr@salon.com,Polygender,42.46.107.227
749,Yehudit,Kerwen,ykerwenks@friendfeed.com,Bigender,164.121.170.24
750,Barnaby,Marley,bmarleykt@multiply.com,Polygender,45.223.160.55
751,Emlen,Klimpke,eklimpkeku@prnewswire.com,Male,113.159.144.221
752,Reade,McLanaghan,rmclanaghankv@yahoo.com,Genderfluid,32.231.131.72
753,Audre,Bloxsum,abloxsumkw@home.pl,Female,254.156.239.172
754,Collen,Degoe,cdegoekx@photobucket.com,Genderfluid,162.137.155.11
755,Jodie,Phorsby,jphorsbyky@wix.com,Agender,1.179.222.1
756,Harrison,Simonetto,hsimonettokz@wikia.com,Genderqueer,113.79.87.194
757,Gwen,Laughlin,glaughlinl0@ucoz.com,Genderfluid,181.99.0.162
758,Wiatt,Behn,wbehnl1@networkadvertising.org,Genderqueer,171.91.101.195
759,Cyril,Iwaszkiewicz,ciwaszkiewiczl2@jigsy.com,Genderqueer,26.174.78.58
760,Rance,Steuhlmeyer,rsteuhlmeyerl3@intel.com,Non-binary,219.199.135.0
761,Gwenora,Giller,ggillerl4@deliciousdays.com,Female,78.230.61.115
762,Ximenez,Moatt,xmoattl5@fastcompany.com,Bigender,235.41.52.15
763,Marcie,McCathy,mmccathyl6@oaic.gov.au,Bigender,49.104.243.51
764,Jennine,Gaze,jgazel7@eventbrite.com,Male,175.50.11.15
765,Mariann,Wedderburn,mwedderburnl8@dailymotion.com,Bigender,152.3.205.210
766,Tamiko,Powles,tpowlesl9@vistaprint.com,Agender,204.95.229.30
767,Penrod,Griffe,pgriffela@globo.com,Non-binary,83.139.54.117
768,Chloe,Northcott,cnorthcottlb@facebook.com,Non-binary,211.92.226.201
769,Jaime,Dany,jdanylc@elpais.com,Bigender,68.73.225.92
770,Silva,Gyford,sgyfordld@cnbc.com,Non-binary,70.182.150.166
771,Erwin,Doherty,edohertyle@freewebs.com,Genderfluid,97.5.11.32
772,Oliy,Sleaford,osleafordlf@digg.com,Polygender,33.5.137.176
773,Annis,Suarez,asuarezlg@cisco.com,Polygender,221.232.132.117
774,Robbyn,Haskayne,rhaskaynelh@miibeian.gov.cn,Female,97.179.234.140
775,Jens,Ferrucci,jferruccili@princeton.edu,Genderfluid,159.49.93.210
776,Philis,O'Doherty,podohertylj@ebay.co.uk,Bigender,133.77.214.186
777,Tonnie,Eves,teveslk@oracle.com,Genderqueer,41.202.101.49
778,Nonie,Schrir,nschrirll@yelp.com,Genderqueer,219.169.44.215
779,Larine,Gowenlock,lgowenlocklm@facebook.com,Genderfluid,10.166.97.185
780,Tamarah,Parsall,tparsallln@vimeo.com,Male,161.144.44.3
781,Birch,Szreter,bszreterlo@washington.edu,Agender,207.164.48.159
782,Benjamin,Thresher,bthresherlp@istockphoto.com,Non-binary,30.55.243.169
783,Otho,Dradey,odradeylq@toplist.cz,Genderqueer,236.252.131.3
784,Emmy,Nozzolinii,enozzoliniilr@artisteer.com,Female,244.191.161.83
785,Cynthia,Dargan,cdarganls@google.com.br,Non-binary,14.179.119.42
786,Rania,Towll,rtowlllt@apache.org,Genderfluid,57.176.87.117
787,Fredra,Crookshanks,fcrookshankslu@dedecms.com,Genderfluid,158.25.191.137
788,Sauncho,Sommersett,ssommersettlv@nytimes.com,Polygender,39.254.238.9
789,Ethelbert,Eustis,eeustislw@hatena.ne.jp,Genderqueer,209.120.168.139
790,Bliss,Lemasney,blemasneylx@cdbaby.com,Genderfluid,3.29.145.12
791,Camala,Hinksen,chinksenly@elegantthemes.com,Genderfluid,123.191.57.85
792,Jack,Kaindl,jkaindllz@simplemachines.org,Agender,127.152.202.157
793,Rafi,Stallion,rstallionm0@addthis.com,Bigender,213.223.53.212
794,Nico,Lamborn,nlambornm1@wikimedia.org,Genderqueer,93.89.36.122
795,Duky,Burgane,dburganem2@cnbc.com,Genderqueer,145.228.117.40
796,Nestor,Baff,nbaffm3@a8.net,Genderqueer,92.72.146.186
797,Eduino,Conklin,econklinm4@wsj.com,Genderfluid,206.163.64.218
798,Marie-ann,Ingerman,mingermanm5@psu.edu,Polygender,192.239.240.228
799,Dennet,Crawford,dcrawfordm6@github.io,Non-binary,84.169.166.9
800,Guthry,Fairbank,gfairbankm7@xrea.com,Genderfluid,178.5.205.137
801,Myron,Bickford,mbickfordm8@nymag.com,Male,30.230.254.52
802,Ellery,McGilvary,emcgilvarym9@newsvine.com,Bigender,49.200.174.93
803,Lark,Sandaver,lsandaverma@php.net,Female,156.234.42.75
804,Tawsha,Crosgrove,tcrosgrovemb@sitemeter.com,Female,198.54.70.90
805,Kissee,Glamart,kglamartmc@unesco.org,Agender,116.171.82.78
806,Tate,Westmacott,twestmacottmd@auda.org.au,Agender,113.255.201.131
807,Ruttger,Woodford,rwoodfordme@redcross.org,Genderqueer,185.52.34.227
808,Tim,Ings,tingsmf@gravatar.com,Male,213.183.194.109
809,Gilemette,Cull,gcullmg@yahoo.com,Genderfluid,246.35.47.13
810,Sheri,Capineer,scapineermh@arizona.edu,Female,239.88.145.225
811,Haslett,Kubelka,hkubelkami@xrea.com,Genderfluid,23.215.109.125
812,Gena,Caston,gcastonmj@google.fr,Non-binary,190.213.235.89
813,Anna-maria,Wixey,awixeymk@privacy.gov.au,Agender,189.58.79.240
814,Weber,Kingzet,wkingzetml@weibo.com,Agender,80.32.113.38
815,Sarita,Varnam,svarnammm@microsoft.com,Female,28.229.248.91
816,Tillie,Cornilli,tcornillimn@zdnet.com,Male,19.155.66.241
817,Allsun,Kubczak,akubczakmo@msu.edu,Bigender,190.137.161.174
818,Irita,Wiskar,iwiskarmp@guardian.co.uk,Bigender,20.171.111.5
819,Dalis,Antoons,dantoonsmq@columbia.edu,Polygender,174.179.19.242
820,Stephanie,Antcliffe,santcliffemr@blogtalkradio.com,Polygender,107.11.120.164
821,Lizzy,Rowney,lrowneyms@narod.ru,Agender,231.34.108.220
822,Nickola,Ludwikiewicz,nludwikiewiczmt@dyndns.org,Non-binary,8.38.143.98
823,Flossie,Rides,fridesmu@sakura.ne.jp,Agender,201.121.177.16
824,Matthias,Mathely,mmathelymv@berkeley.edu,Agender,160.101.251.74
825,Chastity,Hamor,chamormw@sitemeter.com,Non-binary,207.250.50.181
826,Johanna,Teggart,jteggartmx@engadget.com,Non-binary,34.49.194.14
827,Sasha,Kalkofen,skalkofenmy@reuters.com,Female,176.125.163.223
828,Brian,Foxall,bfoxallmz@google.co.jp,Genderqueer,44.125.229.236
829,Calypso,Quarry,cquarryn0@pagesperso-orange.fr,Polygender,253.238.55.154
830,Jenny,Wray,jwrayn1@typepad.com,Male,223.51.38.98
831,Dorita,Arson,darsonn2@skype.com,Female,98.48.160.21
832,Salvatore,Kitlee,skitleen3@usgs.gov,Non-binary,199.11.31.211
833,Arman,Quittonden,aquittondenn4@si.edu,Male,30.16.23.40
834,Jervis,Aronovich,jaronovichn5@simplemachines.org,Agender,146.100.102.132
835,Guenna,Gadault,ggadaultn6@ca.gov,Male,125.42.211.176
836,Jobi,Fulks,jfulksn7@github.io,Genderqueer,202.188.33.47
837,Mycah,Chalk,mchalkn8@woothemes.com,Genderqueer,115.141.203.30
838,Vinnie,Flarity,vflarityn9@tiny.cc,Female,170.184.243.207
839,Engracia,Matuszak,ematuszakna@google.com,Female,195.252.200.236
840,Amii,Akred,aakrednb@cloudflare.com,Female,201.130.204.151
841,Tanhya,Immins,timminsnc@berkeley.edu,Polygender,4.92.8.92
842,Land,Wallhead,lwallheadnd@youku.com,Genderfluid,138.201.107.7
843,Lorrin,Simpkiss,lsimpkissne@sohu.com,Non-binary,1.234.31.72
844,Hillery,Sebrook,hsebrooknf@booking.com,Female,233.42.144.77
845,Mendie,Patey,mpateyng@github.com,Non-binary,56.223.129.86
846,Lyssa,Tidbold,ltidboldnh@ustream.tv,Female,125.1.117.173
847,Bianca,Diss,bdissni@ucsd.edu,Genderqueer,66.8.214.128
848,Lawrence,Garrie,lgarrienj@squidoo.com,Non-binary,81.235.86.127
849,Godard,Vickery,gvickerynk@blogtalkradio.com,Bigender,167.85.35.22
850,Brandie,McNeillie,bmcneillienl@utexas.edu,Female,191.122.228.225
851,Teddie,Narraway,tnarrawaynm@webeden.co.uk,Bigender,46.88.234.0
852,Doti,Roylance,droylancenn@drupal.org,Agender,158.114.195.198
853,Storm,Manville,smanvilleno@tripadvisor.com,Female,69.208.110.199
854,Samuel,Pontefract,spontefractnp@wired.com,Agender,41.1.193.154
855,Raffaello,Strognell,rstrognellnq@parallels.com,Female,151.253.114.10
856,Julian,Freddi,jfreddinr@163.com,Genderfluid,91.74.97.172
857,Malva,Francois,mfrancoisns@theguardian.com,Male,81.56.217.172
858,Anitra,Sukbhans,asukbhansnt@sourceforge.net,Agender,56.114.193.165
859,Loree,Norridge,lnorridgenu@comcast.net,Male,172.237.242.23
860,Brianne,Bazire,bbazirenv@cam.ac.uk,Agender,49.146.244.54
861,Eziechiele,Matuszinski,ematuszinskinw@arizona.edu,Agender,6.42.46.232
862,Lorelle,Bohl,lbohlnx@wordpress.org,Polygender,31.186.171.117
863,Lissy,Maykin,lmaykinny@cmu.edu,Agender,0.96.86.194
864,Shandee,Ciccottini,sciccottininz@typepad.com,Non-binary,205.186.245.137
865,Anstice,Dawtry,adawtryo0@harvard.edu,Genderfluid,131.79.159.253
866,Onida,Teager,oteagero1@newyorker.com,Genderqueer,170.79.74.183
867,Reggie,Griggs,rgriggso2@patch.com,Non-binary,84.134.187.133
868,Andria,Thurnham,athurnhamo3@dedecms.com,Bigender,146.123.73.94
869,Dolph,Robart,drobarto4@blog.com,Genderqueer,192.63.75.87
870,Nedda,Symmers,nsymmerso5@csmonitor.com,Female,209.211.174.94
871,Benji,Nashe,bnasheo6@google.com.hk,Agender,229.235.12.47
872,Barbette,Goalby,bgoalbyo7@thetimes.co.uk,Bigender,158.35.253.11
873,Augusto,Thieme,athiemeo8@latimes.com,Non-binary,103.97.190.30
874,Nickola,Brill,nbrillo9@ehow.com,Polygender,42.227.239.228
875,Alexina,Blood,abloodoa@ocn.ne.jp,Genderfluid,178.2.81.184
876,Nataniel,Banbrigge,nbanbriggeob@hp.com,Male,159.161.19.7
877,Sephira,Conochie,sconochieoc@photobucket.com,Polygender,226.94.63.69
878,Alleyn,Minchindon,aminchindonod@usgs.gov,Genderqueer,13.144.57.56
879,Noelani,Linacre,nlinacreoe@dedecms.com,Agender,117.96.193.215
880,Beau,Clementucci,bclementucciof@smh.com.au,Genderqueer,94.166.197.107
881,Sharlene,Fasham,sfashamog@newyorker.com,Male,210.4.107.147
882,Ellene,Leghorn,eleghornoh@printfriendly.com,Female,200.123.105.46
883,Vachel,Patsall,vpatsalloi@wufoo.com,Polygender,10.3.181.255
884,Lorette,Gatch,lgatchoj@google.co.uk,Female,217.210.18.69
885,Ferdinand,Ginni,fginniok@zimbio.com,Female,6.244.108.162
886,Shelli,Castenda,scastendaol@gravatar.com,Female,206.25.228.56
887,Francklin,Aizic,faizicom@infoseek.co.jp,Bigender,254.178.107.213
888,Charlie,Kimble,ckimbleon@nsw.gov.au,Non-binary,17.158.44.172
889,Nert,Gatenby,ngatenbyoo@booking.com,Agender,4.82.198.192
890,Allard,Olander,aolanderop@cornell.edu,Bigender,27.243.61.230
891,Noell,Hariot,nhariotoq@washingtonpost.com,Female,169.119.86.160
892,Hunt,Pescud,hpescudor@mediafire.com,Genderfluid,160.30.79.123
893,Rowen,Frodsam,rfrodsamos@ask.com,Non-binary,227.214.243.111
894,Tristam,Fowgies,tfowgiesot@stanford.edu,Genderqueer,226.143.131.197
895,Minni,Linfoot,mlinfootou@macromedia.com,Polygender,55.80.62.178
896,Ezechiel,Pughsley,epughsleyov@networkadvertising.org,Polygender,235.159.89.25
897,Chastity,L'argent,clargentow@topsy.com,Genderfluid,163.65.20.22
898,Karlie,Kruger,kkrugerox@icq.com,Genderfluid,144.41.219.252
899,Lowrance,Berriman,lberrimanoy@indiegogo.com,Female,140.223.233.32
900,Shelby,Lamboll,slambolloz@ucla.edu,Male,227.232.241.41
901,Kris,Margett,kmargettp0@senate.gov,Polygender,187.219.214.206
902,Merci,Ducker,mduckerp1@booking.com,Genderfluid,170.53.224.49
903,Georgette,Hellikes,ghellikesp2@chronoengine.com,Male,33.68.224.0
904,Elli,Shaves,eshavesp3@purevolume.com,Bigender,100.197.221.58
905,Alis,Jannex,ajannexp4@google.com.br,Bigender,181.15.162.97
906,John,Albarez,jalbarezp5@apple.com,Male,67.52.201.93
907,Yvon,Beine,ybeinep6@walmart.com,Polygender,253.190.37.179
908,Juan,Girhard,jgirhardp7@deviantart.com,Female,205.16.5.162
909,Ozzy,Drewet,odrewetp8@spotify.com,Male,59.226.227.51
910,Grethel,Hardwell,ghardwellp9@yellowpages.com,Genderfluid,71.67.129.134
911,Barnabe,Gavozzi,bgavozzipa@ow.ly,Bigender,182.89.86.26
912,Casandra,Prandi,cprandipb@whitehouse.gov,Bigender,220.19.134.91
913,Ozzie,Burnet,oburnetpc@360.cn,Polygender,5.75.129.241
914,Ambrose,Hattrick,ahattrickpd@scribd.com,Bigender,177.29.114.218
915,Valentin,Kettlesing,vkettlesingpe@uiuc.edu,Genderfluid,226.151.206.179
916,Frederigo,Proffer,fprofferpf@google.com.au,Polygender,92.62.88.90
917,Annnora,Capehorn,acapehornpg@blogs.com,Bigender,224.57.200.96
918,Trudey,Christauffour,tchristauffourph@g.co,Bigender,99.238.174.73
919,Lura,Nesbitt,lnesbittpi@google.co.jp,Genderfluid,180.195.177.137
920,Onfre,Paylor,opaylorpj@independent.co.uk,Agender,179.248.96.130
921,Chan,Benesevich,cbenesevichpk@hugedomains.com,Female,223.222.231.229
922,Tam,Huggens,thuggenspl@columbia.edu,Non-binary,105.133.115.222
923,Bobbie,Medler,bmedlerpm@nhs.uk,Male,236.179.94.238
924,Shane,Cromie,scromiepn@rakuten.co.jp,Agender,69.189.17.82
925,Pamela,Dunster,pdunsterpo@360.cn,Male,36.92.150.25
926,Peg,Tyne,ptynepp@economist.com,Polygender,112.165.193.219
927,Hubert,Stratiff,hstratiffpq@princeton.edu,Genderfluid,207.137.154.148
928,Helen-elizabeth,Bowart,hbowartpr@alexa.com,Male,121.45.167.119
929,Georgine,Yurlov,gyurlovps@foxnews.com,Bigender,195.70.62.52
930,Sandor,Burroughes,sburroughespt@imgur.com,Genderfluid,171.36.85.179
931,Jervis,Brugmann,jbrugmannpu@nps.gov,Male,34.92.28.35
932,Tresa,Aspinall,taspinallpv@cmu.edu,Non-binary,227.0.136.98
933,Martie,Aitken,maitkenpw@barnesandnoble.com,Male,61.44.227.193
934,Ashlie,Kubala,akubalapx@cafepress.com,Female,204.252.162.26
935,Peirce,Pablo,ppablopy@issuu.com,Genderqueer,239.152.146.203
936,Lowe,Colthard,lcolthardpz@flavors.me,Genderfluid,87.208.59.159
937,Judas,Polkinghorne,jpolkinghorneq0@apple.com,Female,252.51.32.176
938,Roda,Tolworthie,rtolworthieq1@globo.com,Female,87.66.238.187
939,Isa,Tulloch,itullochq2@51.la,Polygender,15.133.180.150
940,Terrance,Tortis,ttortisq3@de.vu,Bigender,61.140.42.236
941,Veronique,Tommasi,vtommasiq4@webmd.com,Non-binary,11.191.137.47
942,Rosana,Philpault,rphilpaultq5@pcworld.com,Polygender,228.155.235.120
943,Joly,Enterle,jenterleq6@illinois.edu,Polygender,90.186.193.158
944,Lisle,Copestake,lcopestakeq7@comcast.net,Agender,113.16.83.147
945,Kaela,Hunn,khunnq8@patch.com,Agender,88.109.221.251
946,Meade,Kohrt,mkohrtq9@reddit.com,Bigender,169.167.62.250
947,Jeane,Gawkes,jgawkesqa@blogger.com,Genderfluid,155.108.44.113
948,Rachel,Oulet,rouletqb@facebook.com,Female,28.89.0.56
949,Hilda,Hamley,hhamleyqc@europa.eu,Male,228.6.2.197
950,Aida,Zuanelli,azuanelliqd@tiny.cc,Male,163.219.208.201
951,Idelle,Ricker,irickerqe@mlb.com,Polygender,204.98.154.246
952,Ely,Franklin,efranklinqf@creativecommons.org,Genderfluid,127.26.157.113
953,Shane,Beswetherick,sbeswetherickqg@miibeian.gov.cn,Agender,52.50.239.253
954,Corinne,Poone,cpooneqh@bloomberg.com,Bigender,73.91.160.201
955,Beryl,Heazel,bheazelqi@fc2.com,Bigender,192.7.156.134
956,Mora,Thurling,mthurlingqj@51.la,Non-binary,207.140.70.151
957,Zandra,Hoyer,zhoyerqk@mashable.com,Genderfluid,137.198.214.115
958,Lucho,Hemshall,lhemshallql@tripadvisor.com,Bigender,161.204.16.5
959,Ade,Freyne,afreyneqm@tinyurl.com,Female,78.96.178.14
960,Cymbre,Fotheringham,cfotheringhamqn@sitemeter.com,Male,55.50.76.44
961,Valentino,Carbonell,vcarbonellqo@nydailynews.com,Polygender,40.110.41.238
962,Brandice,Charlwood,bcharlwoodqp@cargocollective.com,Genderqueer,155.216.173.147
963,Jonie,Gallacher,jgallacherqq@craigslist.org,Male,187.154.234.232
964,Oswald,Bess,obessqr@vimeo.com,Genderfluid,117.89.2.68
965,Gerda,Sloam,gsloamqs@bandcamp.com,Female,9.246.23.183
966,Flossy,Sterricks,fsterricksqt@reddit.com,Non-binary,240.135.188.219
967,Orly,Scocroft,oscocroftqu@hatena.ne.jp,Genderqueer,172.224.46.192
968,Allsun,Kitteman,akittemanqv@state.gov,Female,194.228.28.210
969,Adham,Nevins,anevinsqw@usatoday.com,Female,176.251.172.221
970,Hermina,Morrowe,hmorroweqx@ebay.com,Agender,226.5.165.225
971,Meridith,Mulhall,mmulhallqy@aol.com,Polygender,11.19.13.0
972,Clim,Pharro,cpharroqz@ning.com,Male,83.236.27.134
973,Dell,Polini,dpolinir0@bing.com,Female,20.184.106.135
974,Cicely,Feldbaum,cfeldbaumr1@cloudflare.com,Polygender,184.147.122.50
975,Hyacinthia,Astin,hastinr2@a8.net,Polygender,239.37.84.103
976,Delano,Jeram,djeramr3@dropbox.com,Non-binary,241.0.250.163
977,Genny,Carlet,gcarletr4@wunderground.com,Bigender,38.90.49.41
978,Anny,Kinney,akinneyr5@nytimes.com,Non-binary,35.21.116.1
979,Flemming,Gillet,fgilletr6@mapy.cz,Agender,53.67.185.135
980,Elijah,Grellis,egrellisr7@tiny.cc,Genderfluid,157.48.148.183
981,Jock,Wincott,jwincottr8@walmart.com,Genderfluid,214.12.58.180
982,Amara,Hallworth,ahallworthr9@naver.com,Male,74.221.166.115
983,Sigrid,Splevin,ssplevinra@scribd.com,Agender,134.127.157.175
984,Forrester,Woodbridge,fwoodbridgerb@icq.com,Polygender,188.80.109.93
985,Lucille,Justham,ljusthamrc@amazon.co.jp,Agender,208.102.58.20
986,Gabby,Stichall,gstichallrd@cbsnews.com,Female,158.121.19.169
987,Noby,Hearthfield,nhearthfieldre@rediff.com,Genderfluid,231.23.210.134
988,Holly-anne,Blagburn,hblagburnrf@devhub.com,Genderfluid,134.5.254.6
989,Tiler,Portman,tportmanrg@sciencedirect.com,Genderfluid,239.8.253.65
990,Rik,Prazor,rprazorrh@apache.org,Male,182.14.197.79
991,Tabby,Sommerling,tsommerlingri@pbs.org,Polygender,142.87.50.52
992,Pablo,Pepperell,ppepperellrj@accuweather.com,Non-binary,255.174.165.45
993,Dolli,Hinkens,dhinkensrk@foxnews.com,Male,242.4.210.238
994,Helsa,Wallsworth,hwallsworthrl@mac.com,Female,100.172.69.224
995,Carola,Szach,cszachrm@sina.com.cn,Female,9.230.240.248
996,Matt,Mathissen,mmathissenrn@flavors.me,Bigender,250.251.124.139
997,Vin,Hinchshaw,vhinchshawro@g.co,Agender,87.160.43.201
998,Gaby,Joyson,gjoysonrp@zimbio.com,Genderqueer,137.30.90.177
999,Tatiana,Joiner,tjoinerrq@cocolog-nifty.com,Polygender,1.61.161.193
1000,Georgeanna,Fawlks,gfawlksrr@ed.gov,Non-binary,110.208.218.146
